{"cameraMode":{"drawMode":0,"name":"Shaded","section":"Shading Mode"},"sceneLighting":false,"audioPlay":false,"sceneViewState":{"m_AlwaysRefresh":false,"showFog":true,"showSkybox":false,"showFlares":true,"showImageEffects":true,"showParticleSystems":true,"showVisualEffectGraphs":true,"m_FxEnabled":true},"in2DMode":false,"pivot":{"x":-13.399995803833008,"y":1.7400000095367432,"z":5.2399983406066898},"rotation":{"x":0.10026078671216965,"y":0.842337429523468,"z":-0.16822190582752229,"w":0.5021829009056091},"size":2.8381052017211916,"orthographic":false}