{"cameraMode":{"drawMode":0,"name":"Shaded","section":"Shading Mode"},"sceneLighting":false,"audioPlay":false,"sceneViewState":{"m_AlwaysRefresh":false,"showFog":true,"showSkybox":false,"showFlares":true,"showImageEffects":true,"showParticleSystems":true,"showVisualEffectGraphs":true,"m_FxEnabled":true},"in2DMode":false,"pivot":{"x":-0.001536238007247448,"y":0.10627777129411698,"z":0.617928683757782},"rotation":{"x":-0.261839359998703,"y":0.3818459212779999,"z":-0.11373742669820786,"w":-0.8790387511253357},"size":0.2230885773897171,"orthographic":false}